country_code,city,region
LON,London,Western_Europe
PAR,Paris,Western_Europe
AMS,Amsterdam,Western_Europe
FRA,Frankfurt,Western_Europe
BRU,Brussels,Western_Europe
ZRH,Zurich,Western_Europe
GVA,Geneva,Western_Europe
MAD,Madrid,Western_Europe
BCN,Barcelona,Western_Europe
LIS,Lisbon,Western_Europe
DUB,Dublin,Western_Europe
MIL,Milan,Western_Europe
ROM,Rome,Western_Europe
VIE,Vienna,Western_Europe
WAW,Warsaw,Eastern_Europe
PRG,Prague,Eastern_Europe
BUD,Budapest,Eastern_Europe
OTP,Bucharest,Eastern_Europe
SOF,Sofia,Eastern_Europe
BEG,Belgrade,Eastern_Europe
ZAG,Zagreb,Eastern_Europe
BTS,Bratislava,Eastern_Europe
LJU,Ljubljana,Eastern_Europe
IEV,Kyiv,Eastern_Europe
RIX,Riga,Eastern_Europe
TLL,Tallinn,Eastern_Europe
VNO,Vilnius,Eastern_Europe
IST,Istanbul,Muslim_Majority_Europe
ANK,Ankara,Muslim_Majority_Europe
SJJ,Sarajevo,Muslim_Majority_Europe
PRN,Pristina,Muslim_Majority_Europe
TIA,Tirana,Muslim_Majority_Europe
GYD,Baku,Muslim_Majority_Europe
TBS,Tbilisi,Muslim_Majority_Europe
